Location,velocity
0,5
0.1,5.02798
0.2,5.06284
0.3,5.10547
0.4,5.1571
0.5,5.21945
0.6,5.2949
0.7,5.3868
0.8,5.49986
0.9,5.64078
1,5.81915
